codigo_modular,nombre_institucion,red_fya,entra_estudio_clustering,Y1_ILA,Y1_ILA_zscore,Y2_TD,Y2_TD_zscore,Y2_TD_categoria,X1_NVC,X1_NVC_zscore,X2_TR,X4_IDD,X4_IDD_zscore,X10_IE,X10_IE_zscore,X11_RED_ajustado,X11_RED,X11_RED_zscore,X12_TOE,X13_TMATRC,X13_TMATRC_CATEGORIA,X13_TMATRC_MANN_KENDALL_P,X13_TMATRC_COEF_VARIACION,X15_MEIB,total_docentes_ajustado,metodo_ajuste,numero_fya,nombre_red_fya_matched,total_estudiantes,total_docentes
3916573,VIRGEN DE LAS MERCEDES,Red Fe y Alegría 48,Sí,,,0.2459,,Mejora,,,2.0,,,,,9.0,,,,0.0,ESTABLE,1.0,13.216815980817294,,1.0,SIN_AJUSTE,48,Red Fe y Alegría 48,,
838455,HUARAC HUARAN,Red Fe y Alegría 54,Sí,,,0.1902,,Mejora,,,3.0,,,,,12.0,,,,0.0,ESTABLE,1.0,30.80766829923197,,1.0,SIN_AJUSTE,54,Red Fe y Alegría 54,,
3891735,MARIA AUXILIADORA,Red Fe y Alegría 48,Sí,,,0.2459,,Mejora,,,2.0,,,,,9.0,,,,-0.4,ESTABLE,0.7071142312899612,24.816880071633783,,1.0,SIN_AJUSTE,48,Red Fe y Alegría 48,,
1315084,86548 JOSE MARIA VELAZ,Red Fe y Alegría 54,Sí,1.1856356685416516,,0.1993,,Mejora,,,2.0,,,,,11.153846153846153,,,,1.0,ESTABLE,0.13285495573105388,3.2094556102952616,,13.0,SIN_AJUSTE,54,Red Fe y Alegría 54,,
414987,86548 JOSE MARIA VELAZ,Red Fe y Alegría 54,Sí,,,0.1902,,Mejora,,,2.0,,,,,12.2,,,,-5.5,ESTABLE,0.060289173990602185,12.292473306510193,,5.0,SIN_AJUSTE,54,Red Fe y Alegría 54,,
1376268,86548 JOSE MARIA VELAZ,Red Fe y Alegría 54,Sí,,,,,,,,,,,,,21.5,,,,0.0,ESTABLE,1.0,10.438236502668516,,2.0,SIN_AJUSTE,,,,
415059,86731,Red Fe y Alegría 54,Sí,,,,,,,,,,,,,7.0,,,,0.3333333333333333,ESTABLE,0.8509806870320558,40.8248290463863,,1.0,SIN_AJUSTE,,,,
1633189,86769 ABRAHAM VALDELOMAR,Red Fe y Alegría 54,Sí,,,,,,,,,,,,,5.125,,,,-2.8,ESTABLE,0.2596563563704499,13.822176714362207,,8.0,SIN_AJUSTE,,,,
415117,86769 ABRAHAM VALDELOMAR,Red Fe y Alegría 54,Sí,,,,,,,,,,,,,12.0,,,,-2.3333333333333335,ESTABLE,0.13285495573105388,13.148215783176958,,3.0,SIN_AJUSTE,,,,
1608132,86769 ABRAHAM VALDELOMAR,Red Fe y Alegría 54,Sí,,,,,,,,,,,,,7.5,,,,0.3333333333333333,ESTABLE,1.0,12.319007320824776,,2.0,SIN_AJUSTE,,,,
415141,86783,Red Fe y Alegría 54,Sí,,,,,,,,,,,,,15.25,,,,-2.0,ESTABLE,0.18848603806737496,5.5091133150320415,,4.0,SIN_AJUSTE,,,,
1376300,86783,Red Fe y Alegría 54,Sí,,,,,,,,,,,,,11.555555555555555,,,,6.6,CRECIMIENTO_SIGNIFICATIVO,0.03877750439230665,15.534404950855526,,9.0,SIN_AJUSTE,,,,
520221,86809,Red Fe y Alegría 54,Sí,,,,,,,,,,,,,8.0,,,,-2.0,CAMBIO_LEVE_SIGNIFICATIVO,0.008534920414227098,19.50483259703462,,2.0,SIN_AJUSTE,,,,
818682,87009-01,Red Fe y Alegría 54,Sí,,,,,,,,,,,,,18.25,,,,2.2,ESTABLE,0.13285495573105388,8.17144807191859,,4.0,SIN_AJUSTE,,,,
1551944,87009-01,Red Fe y Alegría 54,Sí,,,,,,,,,,,,,14.0,,,,2.0,CAMBIO_LEVE_SIGNIFICATIVO,0.024170547174545254,12.981270690305912,,3.0,SIN_AJUSTE,,,,
1376318,88247 SAN ENRIQUE,Red Fe y Alegría 54,Sí,,,,,,,,,,,,,14.0,,,,-1.6666666666666667,ESTABLE,0.18848603806737496,30.42903097250923,,1.0,SIN_AJUSTE,,,,
541201,88247 SAN ENRIQUE,Red Fe y Alegría 54,Sí,,,,,,,,,,,,,14.5,,,,-1.8,ESTABLE,0.18848603806737496,10.878565864408424,,2.0,SIN_AJUSTE,,,,
686386,88327,Red Fe y Alegría 54,Sí,,,,,,,,,,,,,13.5,,,,0.0,ESTABLE,0.4523703606773608,6.615585732247899,,2.0,SIN_AJUSTE,,,,
1306182,852,Red Fe y Alegría 47,Sí,,,,,,,,,,,,,5.0,,,,-0.5,ESTABLE,0.8509806870320558,25.712973861329004,,1.0,SIN_AJUSTE,,,,
1200906,SAN IGNACIO DE LOYOLA FE Y ALEGRIA 44,Red Fe y Alegría 44,Sí,,,,,,,,,,,,,13.4,,,,0.0,ESTABLE,1.0,5.523724976969617,,20.0,SIN_AJUSTE,,,,
409797,50504,Red Fe y Alegría 44,Sí,,,,,,,,,,,,,14.666666666666666,,,,-7.666666666666667,DECRECIMIENTO_SIGNIFICATIVO,0.014595034919316685,9.322210669776798,,9.0,SIN_AJUSTE,,,,
410118,50536,Red Fe y Alegría 44,Sí,,,,,,,,,,,,,13.0,,,,-3.0,DECRECIMIENTO_SIGNIFICATIVO,0.008534920414227098,10.8229206613144,,3.0,SIN_AJUSTE,,,,
933937,SAN IGNACIO DE LOYOLA FE Y ALEGRIA 44,Red Fe y Alegría 44,Sí,,,,,,,,,,,,,19.0,,,,,,,,,8.0,SIN_AJUSTE,,,,
933960,SAN IGNACIO DE LOYOLA FE Y ALEGRIA 44,Red Fe y Alegría 44,Sí,,,,,,,,,,,,,19.789473684210527,,,,-9.0,ESTABLE,0.13285495573105388,4.67154589909963,,19.0,SIN_AJUSTE,,,,
410316,50558,Red Fe y Alegría 44,Sí,,,,,,,,,,,,,10.0,,,,-8.0,ESTABLE,0.060289173990602185,21.629197228773243,,4.0,SIN_AJUSTE,,,,
1062058,501344,Red Fe y Alegría 44,Sí,,,,,,,,,,,,,7.5,,,,-1.8,CAMBIO_LEVE_SIGNIFICATIVO,0.014595034919316685,15.97835138493273,,2.0,SIN_AJUSTE,,,,
409706,50495,Red Fe y Alegría 44,Sí,,,,,,,,,,,,,15.666666666666666,,,,-2.0,CAMBIO_LEVE_SIGNIFICATIVO,0.014595034919316685,7.540206850610829,,3.0,SIN_AJUSTE,,,,
410100,50535,Red Fe y Alegría 44,Sí,,,,,,,,,,,,,13.428571428571429,,,,-4.0,ESTABLE,0.09087393998624904,8.704898728601224,,7.0,SIN_AJUSTE,,,,
204933,50715,Red Fe y Alegría 44,Sí,,,,,,,,,,,,,8.0,,,,-2.0,CAMBIO_LEVE_SIGNIFICATIVO,0.008534920414227098,28.219616214693616,,1.0,SIN_AJUSTE,,,,
519793,50912,Red Fe y Alegría 44,Sí,,,,,,,,,,,,,8.666666666666666,,,,-0.8,ESTABLE,0.18848603806737496,7.772268862134539,,3.0,SIN_AJUSTE,,,,
592428,50976,Red Fe y Alegría 44,Sí,,,,,,,,,,,,,14.666666666666666,,,,-1.6666666666666667,ESTABLE,0.18848603806737496,7.516285169128069,,3.0,SIN_AJUSTE,,,,
205716,50796,Red Fe y Alegría 44,Sí,,,,,,,,,,,,,15.5,,,,-0.8,ESTABLE,0.4523703606773608,7.814503943135655,,2.0,SIN_AJUSTE,,,,
409672,50492 CORAZON DE JESUS,Red Fe y Alegría 44,Sí,,,,,,,,,,,,,19.333333333333332,,,,-3.5,ESTABLE,0.060289173990602185,1.9044424224555094,,21.0,SIN_AJUSTE,,,,
410225,50547,Red Fe y Alegría 44,Sí,,,,,,,,,,,,,13.666666666666666,,,,-6.5,DECRECIMIENTO_SIGNIFICATIVO,0.008534920414227098,19.380862157993263,,3.0,SIN_AJUSTE,,,,
410233,50550,Red Fe y Alegría 44,Sí,,,,,,,,,,,,,9.333333333333334,,,,0.5,ESTABLE,0.5730251193553904,10.91089451179962,,3.0,SIN_AJUSTE,,,,
410258,50552 TUPAC AMARU II,Red Fe y Alegría 44,Sí,,,,,,,,,,,,,11.571428571428571,,,,-4.666666666666667,ESTABLE,0.060289173990602185,6.767798849277875,,7.0,SIN_AJUSTE,,,,
410266,50553,Red Fe y Alegría 44,Sí,,,,,,,,,,,,,6.0,,,,-5.0,DECRECIMIENTO_SIGNIFICATIVO,0.008534920414227098,49.08007912245728,,1.0,SIN_AJUSTE,,,,
204974,50719 VIRGEN DEL CARMEN,Red Fe y Alegría 44,Sí,,,,,,,,,,,,,19.933333333333334,,,,2.0,ESTABLE,0.4523703606773608,3.2329467742509346,,15.0,SIN_AJUSTE,,,,
205401,50765,Red Fe y Alegría 44,Sí,,,,,,,,,,,,,9.0,,,,-2.3333333333333335,DECRECIMIENTO_SIGNIFICATIVO,0.024170547174545254,16.65332799572906,,2.0,SIN_AJUSTE,,,,
487140,50854,Red Fe y Alegría 44,Sí,,,,,,,,,,,,,8.5,,,,-5.5,DECRECIMIENTO_SIGNIFICATIVO,0.008534920414227098,31.591989196954113,,2.0,SIN_AJUSTE,,,,
592543,50977,Red Fe y Alegría 44,Sí,,,,,,,,,,,,,17.0,,,,-4.0,DECRECIMIENTO_SIGNIFICATIVO,0.024170547174545254,12.211658545069698,,3.0,SIN_AJUSTE,,,,
428714,36153 SAYRI TUPAC,Red Fe y Alegría 79,Sí,,,,,,,,,,,,,12.5,,,,,,,,,2.0,SIN_AJUSTE,,,,
600692,NUESTRA SEÑORA DE LA CANDELARIA,Red Fe y Alegría 79,Sí,,,,,,,,,,,,,7.571428571428571,,,,,,,,,35.0,SIN_AJUSTE,,,,
421594,130,Red Fe y Alegría 79,Sí,,,,,,,,,,,,,11.0,,,,1.8,ESTABLE,0.18848603806737496,18.880677953929517,,2.0,SIN_AJUSTE,,,,
633040,156,Red Fe y Alegría 79,Sí,,,,,,,,,,,,,9.0,,,,0.4,ESTABLE,0.4523703606773608,20.110498078466104,,2.0,SIN_AJUSTE,,,,
420380,36161 SAN VICENTE DE PAUL,Red Fe y Alegría 79,Sí,,,,,,,,,,,,,11.0,,,,-2.0,ESTABLE,0.09087393998624904,12.627946015727643,,3.0,SIN_AJUSTE,,,,
420406,36163 JAVIER HERAUD PEREZ,Red Fe y Alegría 79,Sí,,,,,,,,,,,,,10.0,,,,0.6,ESTABLE,0.2596563563704499,5.454545454545454,,3.0,SIN_AJUSTE,,,,
1060276,CORAS,Red Fe y Alegría 79,Sí,,,,,,,,,,,,,6.333333333333333,,,,2.0,CAMBIO_LEVE_SIGNIFICATIVO,0.024170547174545254,3.0277295046819015,,18.0,SIN_AJUSTE,,,,
420430,36166 HEROES 29 DE AGOSTO,Red Fe y Alegría 79,Sí,,,,,,,,,,,,,12.75,,,,-1.0,ESTABLE,0.4523703606773608,9.61659089334734,,4.0,SIN_AJUSTE,,,,
420448,36167,Red Fe y Alegría 79,Sí,,,,,,,,,,,,,8.0,,,,-2.25,ESTABLE,0.4523703606773608,36.95870277151317,,1.0,SIN_AJUSTE,,,,
420562,36201 NUESTRA SEÑORA DEL ROSARIO,Red Fe y Alegría 79,Sí,,,,,,,,,,,,,8.0,,,,-0.2,ESTABLE,0.2596563563704499,8.9854425391291,,1.0,SIN_AJUSTE,,,,
740365,RAMON CASTILLA MARQUEZADO,Red Fe y Alegría 79,Sí,,,,,,,,,,,,,7.333333333333333,,,,-2.25,ESTABLE,0.13285495573105388,6.1667574701241055,,9.0,SIN_AJUSTE,,,,
686741,177,Red Fe y Alegría 79,Sí,,,,,,,,,,,,,9.0,,,,-4.25,ESTABLE,0.09087393998624904,29.556293179008353,,2.0,SIN_AJUSTE,,,,
428771,36173 SANTIAGO ANTUNEZ DE MAYOLO,Red Fe y Alegría 79,Sí,,,,,,,,,,,,,12.333333333333334,,,,-0.3333333333333333,ESTABLE,0.4523703606773608,3.597122302158273,,6.0,SIN_AJUSTE,,,,
687194,36465 MICAELA BASTIDAS PUYUCAHUA,Red Fe y Alegría 79,Sí,,,,,,,,,,,,,9.0,,,,-0.25,ESTABLE,0.8509806870320558,21.094980919809334,,1.0,SIN_AJUSTE,,,,
579987,JORGE CHAVEZ,Red Fe y Alegría 79,Sí,,,,,,,,,,,,,4.842105263157895,,,,-11.2,DECRECIMIENTO_SIGNIFICATIVO,0.008534920414227098,15.839373750142583,,19.0,SIN_AJUSTE,,,,
1320001,601614,Red Fe y Alegría 47,Sí,,,,,,,,,,,,,9.0,,,,-0.4,ESTABLE,0.5730251193553904,11.355292603237393,,1.0,SIN_AJUSTE,,,,
721639,404,Red Fe y Alegría 47,Sí,,,,,,,,,,,,,6.0,,,,-0.25,ESTABLE,0.34755803674116903,17.007533576245187,,1.0,SIN_AJUSTE,,,,
721647,405,Red Fe y Alegría 47,Sí,,,,,,,,,,,,,26.0,,,,0.0,ESTABLE,1.0,8.408295480788572,,3.0,SIN_AJUSTE,,,,
738203,475,Red Fe y Alegría 47,Sí,,,,,,,,,,,,,6.5,,,,-2.0,CAMBIO_LEVE_SIGNIFICATIVO,0.014595034919316685,20.327890704543545,,2.0,SIN_AJUSTE,,,,
1151331,536 MI CASITA DEL SABER,Red Fe y Alegría 47,Sí,,,,,,,,,,,,,17.666666666666668,,,,3.5,ESTABLE,0.2596563563704499,10.719711089077357,,3.0,SIN_AJUSTE,,,,
1151414,538,Red Fe y Alegría 47,Sí,,,,,,,,,,,,,17.5,,,,-5.4,ESTABLE,0.060289173990602185,11.969173066977644,,4.0,SIN_AJUSTE,,,,
1152057,604,Red Fe y Alegría 47,Sí,,,,,,,,,,,,,12.0,,,,-2.3333333333333335,DECRECIMIENTO_SIGNIFICATIVO,0.014595034919316685,23.07651425592872,,1.0,SIN_AJUSTE,,,,
1152255,656,Red Fe y Alegría 47,Sí,,,,,,,,,,,,,6.0,,,,0.5,ESTABLE,0.13285495573105388,37.951669503554065,,1.0,SIN_AJUSTE,,,,
1152321,678,Red Fe y Alegría 47,Sí,,,,,,,,,,,,,14.0,,,,-0.25,ESTABLE,0.8509806870320558,14.718879947840104,,1.0,SIN_AJUSTE,,,,
1261577,60133,Red Fe y Alegría 47,Sí,,,,,,,,,,,,,28.571428571428573,,,,17.0,ESTABLE,0.060289173990602185,14.869356370409076,,7.0,SIN_AJUSTE,,,,
398313,60133,Red Fe y Alegría 47,Sí,,,,,,,,,,,,,20.272727272727273,,,,-7.6,DECRECIMIENTO_SIGNIFICATIVO,0.008534920414227098,5.845497755369883,,11.0,SIN_AJUSTE,,,,
398347,60136,Red Fe y Alegría 47,Sí,,,,,,,,,,,,,7.0,,,,1.75,ESTABLE,0.18848603806737496,35.355339059327385,,2.0,SIN_AJUSTE,,,,
398370,60181,Red Fe y Alegría 47,Sí,,,,,,,,,,,,,8.0,,,,1.0,ESTABLE,0.09087393998624904,46.18802153517006,,1.0,SIN_AJUSTE,,,,
738419,601330,Red Fe y Alegría 47,Sí,,,,,,,,,,,,,2.0,,,,1.0,ESTABLE,0.5730251193553904,38.46153846153847,,1.0,SIN_AJUSTE,,,,
738427,601331,Red Fe y Alegría 47,Sí,,,,,,,,,,,,,10.5,,,,,,,,,14.0,SIN_AJUSTE,,,,
1147735,601331,Red Fe y Alegría 47,Sí,,,,,,,,,,,,,15.714285714285714,,,,4.0,ESTABLE,0.4523703606773608,5.73840438552498,,7.0,SIN_AJUSTE,,,,
1153527,601391,Red Fe y Alegría 47,Sí,,,,,,,,,,,,,7.5,,,,1.0,ESTABLE,0.34755803674116903,25.194555463432966,,2.0,SIN_AJUSTE,,,,
1153881,601444,Red Fe y Alegría 47,Sí,,,,,,,,,,,,,12.0,,,,1.0,ESTABLE,0.18848603806737496,10.443278519239941,,2.0,SIN_AJUSTE,,,,
1153964,601448,Red Fe y Alegría 47,Sí,,,,,,,,,,,,,15.0,,,,-1.8,ESTABLE,0.060289173990602185,8.109426827915822,,3.0,SIN_AJUSTE,,,,
1154129,601496,Red Fe y Alegría 47,Sí,,,,,,,,,,,,,9.0,,,,-1.5,ESTABLE,0.4523703606773608,39.73597071195131,,1.0,SIN_AJUSTE,,,,
1563212,601511,Red Fe y Alegría 47,Sí,,,,,,,,,,,,,9.0,,,,-0.2,ESTABLE,0.8509806870320558,20.327890704543545,,1.0,SIN_AJUSTE,,,,
1154368,601511,Red Fe y Alegría 47,Sí,,,,,,,,,,,,,11.0,,,,2.6,CRECIMIENTO_SIGNIFICATIVO,0.024170547174545254,22.813230185711305,,2.0,SIN_AJUSTE,,,,
1154400,601514,Red Fe y Alegría 47,Sí,,,,,,,,,,,,,9.333333333333334,,,,0.0,ESTABLE,1.0,16.482223522531132,,3.0,SIN_AJUSTE,,,,
1154608,601528,Red Fe y Alegría 47,Sí,,,,,,,,,,,,,6.5,,,,-0.6666666666666666,ESTABLE,0.34755803674116903,16.492422502470642,,2.0,SIN_AJUSTE,,,,
1148402,6010102,Red Fe y Alegría 47,Sí,,,,,,,,,,,,,15.666666666666666,,,,3.0,ESTABLE,0.060289173990602185,13.613726417638548,,3.0,SIN_AJUSTE,,,,
651398,6010178,Red Fe y Alegría 47,Sí,,,,,,,,,,,,,7.0,,,,0.8,ESTABLE,0.5730251193553904,49.09287483493466,,1.0,SIN_AJUSTE,,,,
1210491,6010230 BARBARA D'ACHILLE,Red Fe y Alegría 47,Sí,,,,,,,,,,,,,7.714285714285714,,,,-2.0,ESTABLE,0.13285495573105388,5.737817878080455,,7.0,SIN_AJUSTE,,,,
683466,6010230 BARBARA D'ACHILLE,Red Fe y Alegría 47,Sí,,,,,,,,,,,,,13.0,,,,-2.0,ESTABLE,0.2596563563704499,8.417776223934611,,4.0,SIN_AJUSTE,,,,
1527233,6010231,Red Fe y Alegría 47,Sí,,,,,,,,,,,,,18.666666666666668,,,,3.25,ESTABLE,0.18848603806737496,5.507730658062689,,9.0,SIN_AJUSTE,,,,
683474,6010231,Red Fe y Alegría 47,Sí,,,,,,,,,,,,,16.23076923076923,,,,-1.0,ESTABLE,0.8509806870320558,4.626299976959736,,13.0,SIN_AJUSTE,,,,
682211,EL MILAGRO,Red Fe y Alegría 47,Sí,,,,,,,,,,,,,21.0,,,,13.666666666666666,CRECIMIENTO_SIGNIFICATIVO,0.024170547174545254,11.669322541775914,,12.0,SIN_AJUSTE,,,,
1261775,601563,Red Fe y Alegría 47,Sí,,,,,,,,,,,,,9.5,,,,1.5,ESTABLE,0.09087393998624904,18.0534186769688,,2.0,SIN_AJUSTE,,,,
571232,58,Red Fe y Alegría 48,Sí,,,,,,,,,,,,,16.75,,,,2.0,ESTABLE,0.4523703606773608,9.697088294966491,,4.0,SIN_AJUSTE,,,,
737783,467,Red Fe y Alegría 48,Sí,,,,,,,,,,,,,10.0,,,,-1.0,ESTABLE,0.34755803674116903,20.16369000117954,,1.0,SIN_AJUSTE,,,,
737791,469,Red Fe y Alegría 48,Sí,,,,,,,,,,,,,14.0,,,,3.0,ESTABLE,0.09087393998624904,18.081678721091176,,3.0,SIN_AJUSTE,,,,
937813,489 JOSE MARIA VELAZ,Red Fe y Alegría 48,Sí,,,,,,,,,,,,,17.0,,,,0.75,ESTABLE,0.7071142312899612,15.028317941009048,,1.0,SIN_AJUSTE,,,,
938118,731,Red Fe y Alegría 48,Sí,,,,,,,,,,,,,17.666666666666668,,,,3.5,ESTABLE,0.09087393998624904,17.521610540629535,,3.0,SIN_AJUSTE,,,,
938142,732 VIRGEN DE MONSERRAT,Red Fe y Alegría 48,Sí,,,,,,,,,,,,,21.571428571428573,,,,-0.25,ESTABLE,0.8509806870320558,5.183339691351171,,7.0,SIN_AJUSTE,,,,
674895,14045,Red Fe y Alegría 48,Sí,,,,,,,,,,,,,11.5,,,,0.2,ESTABLE,0.4523703606773608,3.0095661500858837,,2.0,SIN_AJUSTE,,,,
260307,14141,Red Fe y Alegría 48,Sí,,,,,,,,,,,,,12.0,,,,-1.4,ESTABLE,0.18848603806737496,11.605012887910334,,2.0,SIN_AJUSTE,,,,
350447,14144 SANTA ROSA,Red Fe y Alegría 48,Sí,,,,,,,,,,,,,23.473684210526315,,,,,,,,,19.0,SIN_AJUSTE,,,,
1785484,FE Y ALEGRIA 48,Red Fe y Alegría 48,Sí,,,,,,,,,,,,,44.2,,,,,,,,,5.0,AJUSTE_MAX45_ADMIN,,,,
1785476,FE Y ALEGRIA 48,Red Fe y Alegría 48,Sí,,,,,,,,,,,,,40.7,,,,,,,,,10.0,AJUSTE_MAX45_ADMIN,,,,
916023,14144 SANTA ROSA,Red Fe y Alegría 48,Sí,,,,,,,,,,,,,18.3,,,,19.6,ESTABLE,0.060289173990602185,4.731753854002848,,20.0,SIN_AJUSTE,,,,
260315,14145 SANTA JULIA BILLIART,Red Fe y Alegría 48,Sí,,,,,,,,,,,,,23.875,,,,0.6666666666666666,ESTABLE,0.8509806870320558,3.1750727557276432,,8.0,SIN_AJUSTE,,,,
1715820,14894,Red Fe y Alegría 48,Sí,,,,,,,,,,,,,15.0,,,,2.0,ESTABLE,0.09087393998624904,38.27087714730739,,1.0,SIN_AJUSTE,,,,
571745,14894,Red Fe y Alegría 48,Sí,,,,,,,,,,,,,10.0,,,,-1.6666666666666667,ESTABLE,0.09087393998624904,34.40104580768907,,1.0,SIN_AJUSTE,,,,
350496,14924 DANIEL ALCIDES CARRION,Red Fe y Alegría 48,Sí,,,,,,,,,,,,,21.157894736842106,,,,,,,,,19.0,SIN_AJUSTE,,,,
571356,14924 DANIEL ALCIDES CARRION,Red Fe y Alegría 48,Sí,,,,,,,,,,,,,22.5,,,,-12.75,ESTABLE,0.4523703606773608,6.826522206000327,,6.0,SIN_AJUSTE,,,,
613943,14975,Red Fe y Alegría 48,Sí,,,,,,,,,,,,,21.75,,,,-2.5,ESTABLE,0.18848603806737496,5.8844152061738475,,4.0,SIN_AJUSTE,,,,
464610,15219,Red Fe y Alegría 48,Sí,,,,,,,,,,,,,8.0,,,,0.6,ESTABLE,0.34755803674116903,17.50302083797262,,2.0,SIN_AJUSTE,,,,
464628,15220,Red Fe y Alegría 48,Sí,,,,,,,,,,,,,7.5,,,,0.0,ESTABLE,1.0,4.967597139298386,,2.0,SIN_AJUSTE,,,,
355271,15304,Red Fe y Alegría 48,Sí,,,,,,,,,,,,,14.0,,,,-2.4,DECRECIMIENTO_SIGNIFICATIVO,0.024170547174545254,9.226957351903208,,3.0,SIN_AJUSTE,,,,
552661,15314,Red Fe y Alegría 48,Sí,,,,,,,,,,,,,13.5,,,,1.0,ESTABLE,0.2596563563704499,9.537820913070131,,2.0,SIN_AJUSTE,,,,
561084,SAGRADO CORAZON DE JESUS,Red Fe y Alegría 48,Sí,,,,,,,,,,,,,22.333333333333332,,,,1.8,ESTABLE,0.09087393998624904,2.6281309982834156,,6.0,SIN_AJUSTE,,,,
355289,15383,Red Fe y Alegría 48,Sí,,,,,,,,,,,,,4.5,,,,-3.0,ESTABLE,0.13285495573105388,28.161312184807713,,2.0,SIN_AJUSTE,,,,
673780,15478,Red Fe y Alegría 48,Sí,,,,,,,,,,,,,10.0,,,,-0.6666666666666666,CAMBIO_LEVE_SIGNIFICATIVO,0.03877750439230665,6.348234447479172,,2.0,SIN_AJUSTE,,,,
840595,20104,Red Fe y Alegría 48,Sí,,,,,,,,,,,,,21.5,,,,0.3333333333333333,ESTABLE,0.8509806870320558,6.432175399371267,,4.0,SIN_AJUSTE,,,,
840504,20123,Red Fe y Alegría 48,Sí,,,,,,,,,,,,,9.0,,,,-0.5,ESTABLE,1.0,25.887343971204775,,2.0,SIN_AJUSTE,,,,
626424,15055,Red Fe y Alegría 48,Sí,,,,,,,,,,,,,7.0,,,,-1.25,CAMBIO_LEVE_SIGNIFICATIVO,0.024170547174545254,13.438519894596032,,2.0,SIN_AJUSTE,,,,
595082,294,Red Fe y Alegría 72,Sí,,,,,,,,,,,,,31.0,,,,1.8,ESTABLE,0.7071142312899612,20.948890562010504,,1.0,SIN_AJUSTE,,,,
595108,295,Red Fe y Alegría 72,Sí,,,,,,,,,,,,,16.0,,,,1.0,ESTABLE,0.34755803674116903,18.75,,1.0,SIN_AJUSTE,,,,
715011,333-B,Red Fe y Alegría 72,Sí,,,,,,,,,,,,,17.25,,,,9.0,ESTABLE,0.060289173990602185,23.444223539132693,,4.0,SIN_AJUSTE,,,,
271379,64028,Red Fe y Alegría 72,Sí,,,,,,,,,,,,,13.2,,,,-1.75,ESTABLE,0.7071142312899612,10.784479313100695,,5.0,SIN_AJUSTE,,,,
271551,64048,Red Fe y Alegría 72,Sí,,,,,,,,,,,,,13.0,,,,1.0,ESTABLE,0.09087393998624904,6.541553074570571,,3.0,SIN_AJUSTE,,,,
275107,64115,Red Fe y Alegría 72,Sí,,,,,,,,,,,,,13.666666666666666,,,,-1.8,ESTABLE,0.13285495573105388,11.63398970457361,,3.0,SIN_AJUSTE,,,,
530535,64641,Red Fe y Alegría 72,Sí,,,,,,,,,,,,,5.0,,,,0.0,ESTABLE,1.0,27.735009811261456,,2.0,SIN_AJUSTE,,,,
733535,64871-B,Red Fe y Alegría 72,Sí,,,,,,,,,,,,,20.4,,,,11.5,ESTABLE,0.13285495573105388,12.331571280659947,,10.0,SIN_AJUSTE,,,,
272773,64508-B,Red Fe y Alegría 72,Sí,,,,,,,,,,,,,21.428571428571427,,,,0.0,ESTABLE,1.0,4.696020074735376,,7.0,SIN_AJUSTE,,,,
273359,64545-B,Red Fe y Alegría 72,Sí,,,,,,,,,,,,,8.0,,,,-0.6666666666666666,ESTABLE,0.4523703606773608,15.328242492389462,,2.0,SIN_AJUSTE,,,,
657122,64798,Red Fe y Alegría 72,Sí,,,,,,,,,,,,,11.666666666666666,,,,2.5,ESTABLE,0.2596563563704499,21.55276982890271,,3.0,SIN_AJUSTE,,,,
666677,64829,Red Fe y Alegría 72,Sí,,,,,,,,,,,,,12.0,,,,0.0,ESTABLE,1.0,6.976744186046512,,2.0,SIN_AJUSTE,,,,
1568799,525-B,Red Fe y Alegría 72,Sí,,,,,,,,,,,,,10.5,,,,0.4,ESTABLE,0.5730251193553904,23.430313524081036,,2.0,SIN_AJUSTE,,,,
733600,64873-B,Red Fe y Alegría 72,Sí,,,,,,,,,,,,,17.25,,,,8.5,CRECIMIENTO_SIGNIFICATIVO,0.014595034919316685,13.065451481088914,,4.0,SIN_AJUSTE,,,,
807156,64949,Red Fe y Alegría 72,Sí,,,,,,,,,,,,,6.5,,,,-1.5,ESTABLE,0.13285495573105388,19.871587757398753,,2.0,SIN_AJUSTE,,,,
1335744,EL MILAGRO,Red Fe y Alegría 47,Sí,,,,,,,,,,,,,9.714285714285714,,,,,,,,,28.0,SIN_AJUSTE,,,,
1343813,ALMIRANTE MIGUEL GRAU SEMINARIO,Red Fe y Alegría 44,Sí,,,,,,,,,,,,,10.714285714285714,,,,-1.2,ESTABLE,0.7071142312899612,4.22503148293172,,7.0,SIN_AJUSTE,,,,
830885,64996,Red Fe y Alegría 72,Sí,,,,,,,,,,,,,9.0,,,,2.3333333333333335,CRECIMIENTO_SIGNIFICATIVO,0.024170547174545254,29.33926665514679,,2.0,SIN_AJUSTE,,,,
1374834,846,Red Fe y Alegría 79,Sí,,,,,,,,,,,,,5.5,,,,0.5,ESTABLE,1.0,18.288978535468264,,2.0,SIN_AJUSTE,,,,
1433515,65199,Red Fe y Alegría 72,Sí,,,,,,,,,,,,,7.0,,,,-1.5,CAMBIO_LEVE_SIGNIFICATIVO,0.024170547174545254,14.384237620692177,,2.0,SIN_AJUSTE,,,,
1457605,501432,Red Fe y Alegría 44,Sí,,,,,,,,,,,,,14.75,,,,-5.0,DECRECIMIENTO_SIGNIFICATIVO,0.014595034919316685,12.970473951520326,,4.0,SIN_AJUSTE,,,,
1772672,501432 PAPA FRANCISCO I,Red Fe y Alegría 44,Sí,,,,,,,,,,,,,10.142857142857142,,,,11.6,CRECIMIENTO_SIGNIFICATIVO,0.008534920414227098,36.49409044546728,,7.0,SIN_AJUSTE,,,,
1495167,843,Red Fe y Alegría 79,Sí,,,,,,,,,,,,,8.0,,,,-0.3333333333333333,ESTABLE,0.18848603806737496,9.07218423253029,,1.0,SIN_AJUSTE,,,,
1516269,909,Red Fe y Alegría 48,Sí,,,,,,,,,,,,,11.666666666666666,,,,-6.75,DECRECIMIENTO_SIGNIFICATIVO,0.014595034919316685,24.832635158323168,,3.0,SIN_AJUSTE,,,,
1516277,910,Red Fe y Alegría 48,Sí,,,,,,,,,,,,,20.0,,,,4.5,ESTABLE,0.09087393998624904,18.017196292770592,,3.0,SIN_AJUSTE,,,,
1402866,36789 NUESTRA SEÑORA DEL CARMEN,Red Fe y Alegría 79,Sí,,,,,,,,,,,,,8.0,,,,0.0,ESTABLE,1.0,12.777531299998799,,1.0,SIN_AJUSTE,,,,
428920,36207,Red Fe y Alegría 79,Sí,,,,,,,,,,,,,14.333333333333334,,,,1.3333333333333333,CAMBIO_LEVE_SIGNIFICATIVO,0.008534920414227098,12.342665837992863,,3.0,SIN_AJUSTE,,,,
1625904,555-B,Red Fe y Alegría 72,Sí,,,,,,,,,,,,,22.5,,,,1.6666666666666667,ESTABLE,0.4523703606773608,14.532773693607412,,4.0,SIN_AJUSTE,,,,
1625938,559,Red Fe y Alegría 72,Sí,,,,,,,,,,,,,8.0,,,,-1.0,ESTABLE,0.060289173990602185,30.550504633038933,,1.0,SIN_AJUSTE,,,,
1625987,564,Red Fe y Alegría 72,Sí,,,,,,,,,,,,,13.0,,,,0.0,ESTABLE,1.0,14.997116216449365,,1.0,SIN_AJUSTE,,,,
1626001,566,Red Fe y Alegría 72,Sí,,,,,,,,,,,,,9.0,,,,0.5,ESTABLE,0.18848603806737496,23.385358667337133,,1.0,SIN_AJUSTE,,,,
1741123,501455 CRISTO REY TTIKARIY,Red Fe y Alegría 44,Sí,,,,,,,,,,,,,18.333333333333332,,,,0.5,ESTABLE,0.5730251193553904,7.267340968765672,,3.0,SIN_AJUSTE,,,,
1636455,501455 CRISTO REY TTIKARIY,Red Fe y Alegría 44,Sí,,,,,,,,,,,,,12.0,,,,0.0,ESTABLE,1.0,6.2987830352106755,,2.0,SIN_AJUSTE,,,,
1378355,601678,Red Fe y Alegría 47,Sí,,,,,,,,,,,,,3.5,,,,1.0,ESTABLE,0.5730251193553904,26.887245027633977,,2.0,SIN_AJUSTE,,,,
1273960,601580,Red Fe y Alegría 47,Sí,,,,,,,,,,,,,7.5,,,,-1.2,ESTABLE,0.5730251193553904,21.181123671797963,,2.0,SIN_AJUSTE,,,,
1263219,601571,Red Fe y Alegría 47,Sí,,,,,,,,,,,,,11.0,,,,-1.5,ESTABLE,0.18848603806737496,14.047538337136986,,2.0,SIN_AJUSTE,,,,
1682285,601571,Red Fe y Alegría 47,Sí,,,,,,,,,,,,,9.0,,,,-0.2,ESTABLE,0.7071142312899612,30.258497887559045,,1.0,SIN_AJUSTE,,,,
1527365,808,Red Fe y Alegría 47,Sí,,,,,,,,,,,,,9.0,,,,0.6666666666666666,ESTABLE,1.0,18.775106876364884,,1.0,SIN_AJUSTE,,,,
1527340,809,Red Fe y Alegría 47,Sí,,,,,,,,,,,,,6.0,,,,0.3333333333333333,ESTABLE,0.5730251193553904,31.652651692523992,,1.0,SIN_AJUSTE,,,,
1527381,810,Red Fe y Alegría 47,Sí,,,,,,,,,,,,,6.0,,,,-1.25,CAMBIO_LEVE_SIGNIFICATIVO,0.03877750439230665,28.78197989826109,,1.0,SIN_AJUSTE,,,,
1527373,812,Red Fe y Alegría 47,Sí,,,,,,,,,,,,,8.0,,,,1.0,ESTABLE,0.8509806870320558,22.00974933396436,,1.0,SIN_AJUSTE,,,,
1262856,601570,Red Fe y Alegría 47,Sí,,,,,,,,,,,,,9.0,,,,0.0,ESTABLE,1.0,17.582825908940638,,1.0,SIN_AJUSTE,,,,
1457365,LOS RIT'IS DEL ALTO ANDINO,Red Fe y Alegría 44,Sí,,,,,,,,,,,,,9.5,,,,4.5,ESTABLE,0.060289173990602185,18.201864475112718,,6.0,SIN_AJUSTE,,,,
1681212,1341,Red Fe y Alegría 48,Sí,,,,,,,,,,,,,16.333333333333332,,,,0.25,ESTABLE,0.8509806870320558,11.313708498984761,,3.0,SIN_AJUSTE,,,,
1236397,TECNICO MARIA TERESA DE JESUS GERHARDINGER,Red Fe y Alegría 48,Sí,,,,,,,,,,,,,14.421052631578947,,,,14.0,CRECIMIENTO_SIGNIFICATIVO,0.008534920414227098,10.556618273115083,,19.0,SIN_AJUSTE,,,,
1236967,NUESTRA SEÑORA DE LA ENSEÑANZA,Red Fe y Alegría 48,Sí,,,,,,,,,,,,,30.333333333333332,,,,,,,,,3.0,AJUSTE_MAX45_ADMIN,,,,
1527399,811,Red Fe y Alegría 47,Sí,,,,,,,,,,,,,7.0,,,,0.8,ESTABLE,0.13285495573105388,25.171587463388107,,1.0,SIN_AJUSTE,,,,
1715416,1416,Red Fe y Alegría 48,Sí,,,,,,,,,,,,,12.0,,,,1.2,ESTABLE,0.34755803674116903,28.98005779842408,,1.0,SIN_AJUSTE,,,,
1715424,1417,Red Fe y Alegría 48,Sí,,,,,,,,,,,,,7.0,,,,-3.0,ESTABLE,0.09087393998624904,46.89932286569573,,1.0,SIN_AJUSTE,,,,
1715440,1419,Red Fe y Alegría 48,Sí,,,,,,,,,,,,,16.666666666666668,,,,2.3333333333333335,ESTABLE,0.34755803674116903,16.206807822747727,,3.0,SIN_AJUSTE,,,,
1745710,1558,Red Fe y Alegría 48,Sí,,,,,,,,,,,,,16.0,,,,-1.3333333333333333,ESTABLE,0.8509806870320558,23.00971007818684,,1.0,SIN_AJUSTE,,,,
1745728,1559,Red Fe y Alegría 48,Sí,,,,,,,,,,,,,24.0,,,,1.0,ESTABLE,0.34755803674116903,13.096961772227047,,1.0,SIN_AJUSTE,,,,
697714,37003,Red Fe y Alegría 79,Sí,,,,,,,,,,,,,21.333333333333332,,,,,,,,,6.0,SIN_AJUSTE,,,,
421222,37003,Red Fe y Alegría 79,Sí,,,,,,,,,,,,,35.0,,,,,,,,,1.0,SIN_AJUSTE,,,,
1785138,36831,Red Fe y Alegría 79,Sí,,,,,,,,,,,,,15.0,,,,1.6666666666666665,ESTABLE,0.22067136191984682,27.080566215862877,,1.0,SIN_AJUSTE,,,,
1151695,573,Red Fe y Alegría 47,Sí,,,,,,,,,,,,,7.0,,,,-1.3333333333333333,ESTABLE,0.060289173990602185,29.532973287733068,,1.0,SIN_AJUSTE,,,,
1791433,EL MILAGRO,Red Fe y Alegría 47,Sí,,,,,,,,,,,,,44.666666666666664,,,,,,,,,3.0,AJUSTE_MAX45_ADMIN,,,,
1791466,EL MILAGRO,Red Fe y Alegría 47,Sí,,,,,,,,,,,,,37.25,,,,,,,,,4.0,AJUSTE_MAX45_SIAGIE_2024,,,,
1678879,693,Red Fe y Alegría 54,Sí,,,,,,,,,,,,,14.0,,,,-1.3333333333333333,ESTABLE,0.34755803674116903,13.537244042266941,,1.0,SIN_AJUSTE,,,,
1781897,64346,RER Fe y Alegría 72 - Pucallpa,Sí,,,,,,,,,,,,,6.25,,,,1.0,ESTABLE,1.0,25.430970843862795,,4.0,SIN_AJUSTE,,,,
2533906,YANACANCHA,RER Fe y Alegría 44 - Cusco,Sí,,,,,,,,,,,,,,,,,,,,,,,,,,,
3025715,5154 SANTIAGO ANTUNEZ DE MAYOLO,RER Fe y Alegría 79 - Acobamba,Sí,,,,,,,,,,,,,12.333333333333334,,,,28.0,CRECIMIENTO_SIGNIFICATIVO,0.008534920414227098,37.44947702013518,,6.0,SIN_AJUSTE,,,,
0428714,36153 SAYRI TUPAC,RER Fe y Alegría 79 - Acobamba,Sí,,,,,,,,,,,,,12.5,,,,0.3333333333333333,ESTABLE,0.22067136191984682,8.586683792125651,,2.0,SIN_AJUSTE,,,,
0304642,64155,RER Fe y Alegría 72 - Pucallpa,Sí,,,,,,,,,,,,,20.25,,,,-0.15,ESTABLE,1.0,2.961530875881022,,4.0,SIN_AJUSTE,,,,
0488403,88225,RER Fe y Alegría 54 - Moro,Sí,,,,,,,,,,,,,9.0,,,,4.25,ESTABLE,0.32718687779030575,16.93234992108394,,3.0,SIN_AJUSTE,,,,
0481093,JOSE CARLOS MARIATEGUI,RER Fe y Alegría 79 - Acobamba,Sí,,,,,,,,,,,,,13.25,,,,,,,,,72.0,SIN_AJUSTE,,,,
1768829,1574,RER Fe y Alegría 48 - Malingas,Sí,,,,,,,,,,,,,7.0,,,,-0.5,ESTABLE,0.4523703606773608,21.640692207705605,,1.0,SIN_AJUSTE,,,,
0600692,NUESTRA SE¥ORA DE LA CANDELARIA,RER Fe y Alegría 79 - Acobamba,Sí,,,,,,,,,,,,,7.571428571428571,,,,-21.0,DECRECIMIENTO_SIGNIFICATIVO,0.0274863361115103,12.028121527131658,,35.0,SIN_AJUSTE,,,,
